"1","dato test","sentencia test 1","sentencia test 2","sentencia test 3","3","123456789"
"2","Ms. Susie Stiedemann DVM","Repellendus aut natus.","Culpa dolor omnis.","Quasi quia a corrupti.","8","6406916211"
"3","Chad Romaguera","Nisi dolorem repudiandae.","Et aliquid numquam.","Est impedit a qui.","6","7544113148"
"4","Dr. Elmira Russel","Corrupti mollitia culpa dolor.","Quia occaecati.","Temporibus doloremque qui omnis.","13","0793423998"
"5","Litzy Greenholt DDS","Temporibus aut autem iusto.","Hic veniam.","Expedita qui quos ab.","15","7769410519"
"6","Mrs. Selina Hansen","Molestias iusto quia eligendi eveniet.","Aliquam sed.","Rerum voluptatem eos corrupti.","12","5113745126"
"7","Dr. Candelario Douglas DDS","Quis est possimus.","Iusto dolor voluptatem.","Veniam sed.","4","5827597592"
"8","Miguel Ward","Asperiores non quae quidem.","Nemo hic aut.","Debitis commodi iure.","3","0769960078"
"9","Wellington Murazik","Consequatur perferendis possimus fuga.","Consequatur quasi.","Est culpa ex similique illo.","8","8431320752"
"10","Brandt Wunsch Jr.","Quia omnis esse eligendi.","Quia a.","Fugiat aspernatur.","14","1106292216"
"11","Nannie Johns","Nobis placeat et consequuntur.","Blanditiis quis nemo.","Placeat labore amet dignissimos.","9","0002471315"
"12","Dr. Freeman Jacobson Jr.","Placeat repellendus excepturi.","Sapiente id repudiandae.","Ad laborum.","4","1571467071"
"13","Sophie Prohaska","Quae qui ea quia laudantium.","Sit voluptatem.","Ut qui optio officia.","12","3319123906"
"14","Ms. Delphia Crooks I","Vero dolorum nisi.","Cumque alias.","Hic aut dolorem.","4","4596164204"
"15","Amy Luettgen","Veniam quod non suscipit.","Distinctio in.","Excepturi est pariatur qui.","8","4411635537"
"16","Maximus Schoen DVM","Quia est qui iste.","Id alias necessitatibus.","Rem molestiae.","14","8262438879"
"17","Mr. Ervin Zieme Sr.","Ratione perspiciatis suscipit qui.","Consectetur dolor dignissimos.","Incidunt pariatur omnis.","1","4854138174"
"18","Marion Lebsack","Error est exercitationem ea.","Et omnis ipsum.","Et quis.","1","6397605840"
"19","Daryl Romaguera III","Id est et.","Laudantium reprehenderit.","Occaecati eum quos blanditiis.","7","3256365384"
"20","Dortha Kuhlman","Rerum iusto harum vel.","Nihil et perspiciatis.","Optio omnis odio veritatis occaecati.","13","4169915973"
